{"stat.chestOpened":7,"stat.useItem.minecraft.bow":1,"stat.leaveGame":6,"stat.pickup.minecraft.gravel":1,"stat.pickup.minecraft.arrow":1,"stat.mineBlock.minecraft.cobblestone":3,"stat.pickup.magistuarmory.gold_pavese":1,"stat.mineBlock.minecraft.brown_mushroom":6,"stat.jump":277,"stat.pickup.cfm.item_crow_bar":1,"stat.pickup.minecraft.coal":24,"stat.fallOneCm":5355,"stat.useItem.minecraft.stone_axe":13,"stat.pickup.minecraft.porkchop":3,"stat.craftItem.minecraft.torch":8,"stat.craftItem.minecraft.iron_ingot":29,"stat.pickup.minecraft.dirt":24,"stat.useItem.minecraft.dirt":8,"stat.useItem.minecraft.stone_slab2":5,"stat.pickup.magistuarmory.chainmail_chestplate":1,"stat.craftingTableInteraction":7,"stat.pickup.minecraft.iron_ore":36,"stat.pickup.minecraft.rotten_flesh":3,"stat.useItem.magistuarmory.gold_stylet":8,"stat.craftItem.minecraft.furnace":2,"stat.mineBlock.minecraft.iron_bars":6,"stat.pickup.magistuarmory.iron_stylet":1,"stat.craftItem.minecraft.stone_axe":1,"stat.mineBlock.minecraft.log2":4,"stat.damageTaken":621,"stat.pickup.magistuarmory.chainmail_boots":1,"stat.craftItem.minecraft.stone_pickaxe":1,"stat.pickup.magistuarmory.stone_ellipticalshield":1,"stat.useItem.minecraft.wooden_pickaxe":6,"stat.pickup.minecraft.cobblestone":36,"stat.pickup.minecraft.log2":4,"stat.pickup.byg.thorn_branches":1,"stat.flyOneCm":37881,"stat.pickup.minecraft.bed":1,"stat.pickup.minecraft.brown_mushroom":6,"stat.useItem.magistuarmory.iron_stylet":32,"stat.useItem.minecraft.stone_pickaxe":105,"stat.damageDealt":1073,"stat.mineBlock.minecraft.iron_ore":36,"stat.killEntity.DesertSpider":1,"stat.timeSinceDeath":0,"stat.pickup.magistuarmory.gold_stylet":1,"stat.mineBlock.minecraft.dirt":12,"stat.craftItem.minecraft.wooden_pickaxe":1,"stat.killEntity.Pig":2,"stat.entityKilledBy.FishingZombie":1,"stat.walkOneCm":69910,"stat.useItem.minecraft.torch":16,"stat.pickup.travelersbackpack.travelers_backpack":2,"stat.pickup.minecraft.crafting_table":1,"stat.pickup.magistuarmory.gambeson_boots":2,"stat.useItem.minecraft.cobblestone":8,"stat.craftItem.minecraft.crafting_table":1,"stat.furnaceInteraction":8,"stat.pickup.magistuarmory.gambeson_chestplate":1,"stat.mineBlock.minecraft.coal_ore":24,"stat.pickup.minecraft.string":5,"stat.pickup.betteranimalsplus.pheasant_egg":1,"stat.pickup.minecraft.stone":4,"stat.sprintOneCm":88220,"stat.pickup.familiarfauna.venison_cooked":64,"stat.useItem.familiarfauna.venison_cooked":5,"stat.craftItem.minecraft.stick":8,"stat.craftItem.minecraft.planks":16,"stat.mineBlock.minecraft.crafting_table":1,"stat.mobKills":6,"stat.pickup.byg.plant_stem":4,"stat.deaths":1,"stat.mineBlock.minecraft.leaves":2,"stat.mineBlock.byg.thorn_branches":1,"stat.playOneMinute":49796,"stat.mineBlock.byg.plant_stem":4,"stat.pickup.minecraft.item_frame":1,"stat.pickup.minecraft.iron_bars":10,"stat.mineBlock.minecraft.stone":38,"stat.mineBlock.minecraft.tallgrass":8}