{"stat.mineBlock.byg.flowers":1,"stat.pickup.minecraft.bone":14,"stat.killEntity.HungryZombie":1,"stat.leaveGame":3,"stat.killEntity.HuskZombie":1,"stat.mineBlock.minecraft.cobblestone":3,"stat.craftItem.magistuarmory.hilt":2,"stat.drop.spartanweaponry.rapier_iron":1,"stat.useItem.spartanweaponry.greatsword_iron":219,"stat.swimOneCm":8441,"stat.pickup.cfm.item_crow_bar":1,"stat.useItem.minecraft.planks":4,"stat.pickup.minecraft.enchanted_book":1,"stat.pickup.minecraft.porkchop":6,"stat.mineBlock.gravestone.gravestone":1,"stat.killEntity.betteranimalsplus.boar":1,"stat.useItem.minecraft.dirt":17,"stat.useItem.minecraft.stone_slab2":13,"stat.pickup.spartanweaponry.rapier_iron":1,"stat.pickup.magistuarmory.steel_ingot":7,"stat.pickup.minecraft.rotten_flesh":10,"stat.pickup.magistuarmory.knight_boots":1,"stat.craftItem.magistuarmory.steel_plate":20,"stat.pickup.iceandfire.chain_link":1,"stat.useItem.byg.sodalite":3,"stat.mineBlock.byg.greentuilp":1,"stat.pickup.minecraft.cobblestone":88,"stat.pickup.minecraft.leather_boots":1,"stat.flyOneCm":225142,"stat.pickup.iceandfire.ash":1,"stat.pickup.minecraft.fish":1,"stat.mineBlock.byg.sodalite":4,"stat.mineBlock.minecraft.iron_ore":26,"stat.timeSinceDeath":30974,"stat.craftItem.magistuarmory.barbute":1,"stat.useItem.minecraft.iron_pickaxe":187,"stat.pickup.minecraft.mutton":8,"stat.pickup.spartanweaponry.greatsword_iron":1,"stat.pickup.travelersbackpack.travelers_backpack":3,"stat.pickup.minecraft.chainmail_helmet":1,"stat.furnaceInteraction":20,"stat.craftItem.spartanweaponry.material":4,"stat.pickup.magistuarmory.knight_chestplate":1,"stat.pickup.magistuarmory.brigandine_chestplate":1,"stat.mineBlock.minecraft.coal_ore":52,"stat.mineBlock.betteranimalsplus.boarhead_4":1,"stat.pickup.minecraft.string":2,"stat.pickup.minecraft.beef":13,"stat.pickup.minecraft.furnace":8,"stat.pickup.minecraft.leather_helmet":1,"stat.sprintOneCm":278895,"stat.pickup.familiarfauna.venison_cooked":51,"stat.useItem.familiarfauna.venison_cooked":17,"stat.craftItem.minecraft.stick":16,"stat.mineBlock.iceandfire.ash":1,"stat.pickup.minecraft.potion":2,"stat.mineBlock.byg.ebonyleaves":6,"stat.craftItem.magistuarmory.halfarmor_chestplate":1,"stat.useItem.minecraft.beef":1,"stat.craftItem.minecraft.dark_oak_boat":1,"stat.deaths":3,"stat.mineBlock.iceandfire.chared_gravel":1,"stat.drop":4,"stat.pickup.byg.sodalite":4,"stat.playOneMinute":93835,"stat.killEntity.Sheep":2,"stat.craftItem.minecraft.iron_pickaxe":1,"stat.pickup.magistuarmory.barbute":1,"stat.craftItem.spartanweaponry.greatsword_iron":1,"stat.pickup.minecraft.item_frame":1,"stat.craftItem.magistuarmory.leather_strip":12,"stat.pickup.minecraft.iron_bars":2,"stat.pickup.minecraft.fire_charge":2,"stat.mineBlock.minecraft.tallgrass":156,"stat.diveOneCm":15166,"stat.chestOpened":12,"stat.entityKilledBy.seaserpent":2,"stat.killEntity.betteranimalsplus.goose":1,"stat.pickup.minecraft.gravel":2,"stat.pickup.minecraft.arrow":12,"stat.useItem.minecraft.porkchop":4,"stat.pickup.minecraft.gold_nugget":130,"stat.pickup.magistuarmory.wood_stylet":2,"stat.pickup.levelup2.skillbook":1,"stat.jump":1218,"stat.pickup.minecraft.coal":118,"stat.fallOneCm":31425,"stat.useItem.minecraft.dark_oak_boat":1,"stat.pickup.iceandfire.chared_gravel":1,"stat.crouchOneCm":430,"stat.craftItem.magistuarmory.knight_leggings":1,"stat.pickup.minecraft.spider_eye":4,"stat.craftItem.minecraft.iron_ingot":30,"stat.craftItem.minecraft.torch":32,"stat.pickup.minecraft.dirt":45,"stat.craftItem.magistuarmory.steel_ingot":36,"stat.craftingTableInteraction":6,"stat.pickup.minecraft.iron_ore":26,"stat.boatOneCm":73746,"stat.mineBlock.minecraft.iron_bars":2,"stat.mineBlock.minecraft.log2":6,"stat.damageTaken":2601,"stat.pickup.minecraft.leather":7,"stat.pickup.magistuarmory.knight_leggings":1,"stat.killEntity.PoisonSpider":1,"stat.mineBlock.minecraft.furnace":4,"stat.mineBlock.minecraft.torch":3,"stat.dispenserInspected":3,"stat.useItem.minecraft.furnace":1,"stat.craftItem.magistuarmory.knight_chestplate":1,"stat.pickup.minecraft.log2":6,"stat.pickup.minecraft.planks":12,"stat.pickup.minecraft.wheat_seeds":11,"stat.mineBlock.minecraft.gravel":2,"stat.damageDealt":3134,"stat.pickup.blue_skies.blue_lore":1,"stat.pickup.magistuarmory.gold_tartsche":2,"stat.killEntity.FishingZombie":1,"stat.killEntity.Cow":5,"stat.mineBlock.minecraft.dirt":19,"stat.pickup.minecraft.chainmail_boots":1,"stat.pickup.byg.flowers":2,"stat.walkOneCm":180502,"stat.pickup.betteranimalsplus.boarhead_4":3,"stat.useItem.minecraft.torch":33,"stat.useItem.minecraft.bread":4,"stat.pickup.minecraft.golden_apple":1,"stat.pickup.minecraft.stick":2,"stat.drop.minecraft.rotten_flesh":2,"stat.useItem.minecraft.log":1,"stat.pickup.magistuarmory.gambeson_boots":1,"stat.useItem.minecraft.cobblestone":53,"stat.craftItem.minecraft.crafting_table":1,"stat.mineBlock.minecraft.double_plant":1,"stat.craftItem.minecraft.boat":1,"stat.pickup.minecraft.log":10,"stat.pickup.betteranimalsplus.pheasant_egg":1,"stat.pickup.minecraft.iron_pickaxe":1,"stat.craftItem.minecraft.gold_ingot":14,"stat.pickup.minecraft.stone":1,"stat.pickup.byg.greentuilp":1,"stat.pickup.minecraft.sapling":1,"stat.pickup.iceandfire.fire_dragon_blood":1,"stat.pickup.minecraft.apple":2,"stat.mineBlock.iceandfire.goldpile":28,"stat.useItem.magistuarmory.wood_stylet":14,"stat.craftItem.minecraft.planks":52,"stat.pickup.minecraft.bread":4,"stat.mobKills":17,"stat.mineBlock.minecraft.log":6,"stat.useItem.minecraft.boat":1,"stat.mineBlock.minecraft.leaves":23,"stat.pickup.minecraft.torch":3,"stat.sneakTime":315,"stat.pickup.minecraft.wool":3,"stat.drop.iceandfire.fire_dragon_blood":1,"stat.mineBlock.minecraft.stone":58,"stat.craftItem.magistuarmory.knight_boots":1}