{"stat.pickup.minecraft.bone":40,"stat.leaveGame":8,"stat.mineBlock.minecraft.cobblestone":2,"stat.pickup.minecraft.stone_pickaxe":8,"stat.pickup.minecraft.flint":2,"stat.pickup.gravestone.death_info":7,"stat.swimOneCm":265,"stat.pickup.cfm.item_crow_bar":9,"stat.climbOneCm":878,"stat.useItem.minecraft.planks":7,"stat.pickup.minecraft.enchanted_book":3,"stat.pickup.minecraft.porkchop":75,"stat.mineBlock.gravestone.gravestone":10,"stat.killEntity.betteranimalsplus.boar":7,"stat.useItem.minecraft.stone_slab2":14,"stat.pickup.minecraft.iron_boots":3,"stat.craftItem.minecraft.stone_axe":1,"stat.pickup.magistuarmory.chainmail_boots":3,"stat.pickup.iceandfire.witherbone":1,"stat.craftItem.minecraft.stone_pickaxe":3,"stat.pickup.minecraft.cobblestone":49,"stat.craftItem.minecraft.stone_sword":1,"stat.flyOneCm":448474,"stat.useItem.magistuarmory.iron_stylet":60,"stat.timeSinceDeath":7616,"stat.useItem.minecraft.iron_pickaxe":34,"stat.craftItem.minecraft.wooden_pickaxe":4,"stat.pickup.travelersbackpack.travelers_backpack":13,"stat.drop.gravestone.death_info":4,"stat.pickup.minecraft.stonebrick":22,"stat.furnaceInteraction":1,"stat.pickup.magistuarmory.gambeson_chestplate":6,"stat.mineBlock.minecraft.coal_ore":38,"stat.pickup.minecraft.wooden_sword":3,"stat.sprintOneCm":267793,"stat.pickup.minecraft.iron_chestplate":5,"stat.pickup.familiarfauna.venison_cooked":371,"stat.useItem.familiarfauna.venison_cooked":10,"stat.craftItem.minecraft.stick":28,"stat.pickup.minecraft.potion":4,"stat.mineBlock.minecraft.crafting_table":2,"stat.mineBlock.minecraft.quartz_block":1,"stat.pickup.minecraft.saddle":1,"stat.entityKilledBy.betteranimalsplus.boar":7,"stat.deaths":12,"stat.mineBlock.minecraft.planks":1,"stat.drop":13,"stat.playOneMinute":63819,"stat.useItem.minecraft.wooden_sword":10,"stat.pickup.minecraft.item_frame":6,"stat.mineBlock.minecraft.tallgrass":44,"stat.diveOneCm":382,"stat.chestOpened":33,"stat.entityKilledBy.SniperSkeleton":1,"stat.drop.minecraft.wooden_pickaxe":4,"stat.pickup.minecraft.gravel":2,"stat.pickup.minecraft.arrow":16,"stat.pickup.minecraft.stone_axe":2,"stat.pickup.magistuarmory.gold_pavese":3,"stat.useItem.minecraft.apple":1,"stat.pickup.minecraft.obsidian":20,"stat.pickup.levelup2.skillbook":2,"stat.drop.cfm.item_crow_bar":1,"stat.jump":1502,"stat.pickup.minecraft.coal":136,"stat.pickup.minecraft.iron_helmet":3,"stat.fallOneCm":65577,"stat.pickup.minecraft.iron_ingot":53,"stat.useItem.minecraft.stone_axe":3,"stat.drop.minecraft.stone_sword":1,"stat.crouchOneCm":2480,"stat.pickup.minecraft.dirt":9,"stat.pickup.magistuarmory.chainmail_chestplate":3,"stat.craftingTableInteraction":12,"stat.useItem.magistuarmory.gold_stylet":20,"stat.pickup.magistuarmory.iron_stylet":6,"stat.pickup.minecraft.wooden_pickaxe":7,"stat.mineBlock.minecraft.log2":4,"stat.damageTaken":3794,"stat.drop.minecraft.iron_leggings":1,"stat.mineBlock.minecraft.torch":2,"stat.useItem.minecraft.wooden_pickaxe":22,"stat.pickup.magistuarmory.stone_ellipticalshield":6,"stat.craftItem.minecraft.wooden_sword":1,"stat.pickup.minecraft.log2":4,"stat.pickup.minecraft.planks":70,"stat.pickup.minecraft.reeds":14,"stat.pickup.minecraft.iron_leggings":6,"stat.pickup.minecraft.wheat_seeds":4,"stat.pickup.minecraft.quartz_block":5,"stat.mineBlock.minecraft.gravel":1,"stat.useItem.minecraft.stone_pickaxe":31,"stat.useItem.minecraft.stone_sword":2,"stat.damageDealt":2777,"stat.pickup.blue_skies.blue_lore":2,"stat.sleepInBed":1,"stat.pickup.magistuarmory.gold_stylet":2,"stat.pickup.magistuarmory.gold_tartsche":4,"stat.mineBlock.minecraft.dirt":2,"stat.useItem.minecraft.crafting_table":1,"stat.killEntity.Pig":1,"stat.walkOneCm":192423,"stat.pickup.minecraft.brewing_stand":5,"stat.useItem.minecraft.torch":4,"stat.useItem.minecraft.bread":1,"stat.drop.minecraft.item_frame":2,"stat.pickup.minecraft.stick":28,"stat.pickup.minecraft.crafting_table":11,"stat.pickup.magistuarmory.gambeson_boots":6,"stat.useItem.minecraft.cobblestone":3,"stat.craftItem.minecraft.crafting_table":5,"stat.pickup.minecraft.log":14,"stat.useItem.minecraft.cooked_fish":1,"stat.pickup.minecraft.iron_pickaxe":4,"stat.pickup.minecraft.baked_potato":3,"stat.pickup.minecraft.sapling":9,"stat.pickup.minecraft.gold_ingot":30,"stat.mineBlock.minecraft.stonebrick":9,"stat.craftItem.minecraft.planks":72,"stat.pickup.minecraft.stone_sword":6,"stat.mobKills":16,"stat.pickup.minecraft.book":30,"stat.useItem.minecraft.stonebrick":3,"stat.mineBlock.minecraft.log":14,"stat.mineBlock.minecraft.bookshelf":2,"stat.pickup.byg.plant_stem":1,"stat.killEntity.StraySkeleton":1,"stat.mineBlock.minecraft.leaves":9,"stat.pickup.minecraft.torch":38,"stat.mineBlock.byg.plant_stem":1,"stat.sneakTime":931,"stat.mineBlock.minecraft.stone":28}