{"stat.pickup.minecraft.bone":4,"stat.leaveGame":7,"stat.mineBlock.minecraft.cobblestone":1,"stat.pickup.minecraft.stone_pickaxe":3,"stat.pickup.minecraft.flint":2,"stat.pickup.gravestone.death_info":7,"stat.swimOneCm":265,"stat.pickup.cfm.item_crow_bar":6,"stat.climbOneCm":878,"stat.useItem.minecraft.planks":6,"stat.pickup.minecraft.porkchop":27,"stat.mineBlock.gravestone.gravestone":7,"stat.killEntity.betteranimalsplus.boar":7,"stat.useItem.minecraft.stone_slab2":8,"stat.craftItem.minecraft.stone_axe":1,"stat.pickup.magistuarmory.chainmail_boots":3,"stat.craftItem.minecraft.stone_pickaxe":2,"stat.pickup.minecraft.cobblestone":31,"stat.craftItem.minecraft.stone_sword":1,"stat.flyOneCm":343933,"stat.useItem.magistuarmory.iron_stylet":25,"stat.timeSinceDeath":0,"stat.useItem.minecraft.iron_pickaxe":5,"stat.craftItem.minecraft.wooden_pickaxe":2,"stat.pickup.travelersbackpack.travelers_backpack":10,"stat.drop.gravestone.death_info":3,"stat.pickup.minecraft.stonebrick":6,"stat.pickup.magistuarmory.gambeson_chestplate":3,"stat.mineBlock.minecraft.coal_ore":16,"stat.pickup.minecraft.wooden_sword":1,"stat.sprintOneCm":183022,"stat.pickup.minecraft.iron_chestplate":2,"stat.pickup.familiarfauna.venison_cooked":192,"stat.useItem.familiarfauna.venison_cooked":3,"stat.craftItem.minecraft.stick":20,"stat.mineBlock.minecraft.crafting_table":2,"stat.mineBlock.minecraft.quartz_block":1,"stat.pickup.minecraft.saddle":1,"stat.entityKilledBy.betteranimalsplus.boar":7,"stat.deaths":10,"stat.mineBlock.minecraft.planks":1,"stat.drop":6,"stat.playOneMinute":43337,"stat.useItem.minecraft.wooden_sword":10,"stat.pickup.minecraft.item_frame":6,"stat.mineBlock.minecraft.tallgrass":43,"stat.diveOneCm":382,"stat.chestOpened":23,"stat.pickup.minecraft.gravel":2,"stat.pickup.minecraft.arrow":2,"stat.pickup.minecraft.stone_axe":2,"stat.pickup.magistuarmory.gold_pavese":3,"stat.pickup.minecraft.obsidian":8,"stat.pickup.levelup2.skillbook":2,"stat.drop.cfm.item_crow_bar":1,"stat.jump":1095,"stat.pickup.minecraft.coal":51,"stat.fallOneCm":47143,"stat.pickup.minecraft.iron_ingot":14,"stat.useItem.minecraft.stone_axe":3,"stat.crouchOneCm":2193,"stat.pickup.minecraft.dirt":3,"stat.pickup.magistuarmory.chainmail_chestplate":3,"stat.craftingTableInteraction":8,"stat.useItem.magistuarmory.gold_stylet":20,"stat.pickup.magistuarmory.iron_stylet":3,"stat.pickup.minecraft.wooden_pickaxe":3,"stat.mineBlock.minecraft.log2":4,"stat.damageTaken":2605,"stat.mineBlock.minecraft.torch":1,"stat.useItem.minecraft.wooden_pickaxe":16,"stat.pickup.magistuarmory.stone_ellipticalshield":3,"stat.craftItem.minecraft.wooden_sword":1,"stat.pickup.minecraft.log2":4,"stat.pickup.minecraft.planks":27,"stat.pickup.minecraft.reeds":14,"stat.pickup.minecraft.iron_leggings":2,"stat.pickup.minecraft.wheat_seeds":4,"stat.pickup.minecraft.quartz_block":1,"stat.mineBlock.minecraft.gravel":1,"stat.useItem.minecraft.stone_pickaxe":25,"stat.useItem.minecraft.stone_sword":1,"stat.damageDealt":1458,"stat.pickup.blue_skies.blue_lore":2,"stat.sleepInBed":1,"stat.pickup.magistuarmory.gold_stylet":2,"stat.pickup.magistuarmory.gold_tartsche":1,"stat.mineBlock.minecraft.dirt":2,"stat.useItem.minecraft.crafting_table":1,"stat.killEntity.Pig":1,"stat.walkOneCm":123624,"stat.pickup.minecraft.brewing_stand":2,"stat.useItem.minecraft.torch":2,"stat.drop.minecraft.item_frame":2,"stat.pickup.minecraft.stick":7,"stat.pickup.minecraft.crafting_table":5,"stat.pickup.magistuarmory.gambeson_boots":3,"stat.craftItem.minecraft.crafting_table":4,"stat.pickup.minecraft.log":10,"stat.pickup.minecraft.iron_pickaxe":1,"stat.pickup.minecraft.sapling":9,"stat.mineBlock.minecraft.stonebrick":3,"stat.craftItem.minecraft.planks":56,"stat.pickup.minecraft.stone_sword":1,"stat.mobKills":9,"stat.pickup.minecraft.book":12,"stat.mineBlock.minecraft.log":10,"stat.mineBlock.minecraft.bookshelf":2,"stat.pickup.byg.plant_stem":1,"stat.mineBlock.minecraft.leaves":9,"stat.pickup.minecraft.torch":8,"stat.mineBlock.byg.plant_stem":1,"stat.sneakTime":844,"stat.mineBlock.minecraft.stone":17}