{"stat.pickup.minecraft.bone":63,"stat.leaveGame":9,"stat.mineBlock.minecraft.cobblestone":2,"stat.pickup.minecraft.stone_pickaxe":9,"stat.pickup.minecraft.flint":2,"stat.drop.minecraft.leather_helmet":1,"stat.pickup.gravestone.death_info":7,"stat.swimOneCm":265,"stat.pickup.cfm.item_crow_bar":10,"stat.climbOneCm":878,"stat.useItem.minecraft.planks":7,"stat.pickup.minecraft.enchanted_book":4,"stat.mineBlock.minecraft.spruce_stairs":1,"stat.pickup.minecraft.porkchop":91,"stat.mineBlock.gravestone.gravestone":11,"stat.killEntity.betteranimalsplus.boar":7,"stat.useItem.minecraft.stone_slab2":16,"stat.pickup.minecraft.bow":2,"stat.pickup.minecraft.iron_boots":4,"stat.pickup.minecraft.rotten_flesh":4,"stat.entityKilledBy.GiantZombie":1,"stat.drop.magistuarmory.gambeson_chestplate":1,"stat.craftItem.minecraft.stone_axe":1,"stat.pickup.magistuarmory.chainmail_boots":3,"stat.pickup.iceandfire.witherbone":1,"stat.craftItem.minecraft.stone_pickaxe":3,"stat.pickup.minecraft.cobblestone":57,"stat.craftItem.minecraft.stone_sword":1,"stat.flyOneCm":510389,"stat.useItem.magistuarmory.iron_stylet":78,"stat.drop.minecraft.wheat_seeds":1,"stat.mineBlock.minecraft.iron_ore":10,"stat.timeSinceDeath":13777,"stat.useItem.minecraft.iron_pickaxe":74,"stat.craftItem.minecraft.wooden_pickaxe":4,"stat.pickup.travelersbackpack.travelers_backpack":14,"stat.drop.gravestone.death_info":4,"stat.pickup.minecraft.stonebrick":24,"stat.furnaceInteraction":5,"stat.pickup.magistuarmory.gambeson_chestplate":7,"stat.mineBlock.minecraft.coal_ore":65,"stat.pickup.minecraft.wooden_sword":3,"stat.craftItem.minecraft.stone_slab2":0,"stat.sprintOneCm":346572,"stat.pickup.minecraft.iron_chestplate":6,"stat.pickup.familiarfauna.venison_cooked":429,"stat.useItem.familiarfauna.venison_cooked":13,"stat.craftItem.minecraft.stick":28,"stat.pickup.mca.rose_gold_ore":4,"stat.pickup.minecraft.potion":6,"stat.mineBlock.minecraft.crafting_table":2,"stat.mineBlock.minecraft.quartz_block":1,"stat.pickup.minecraft.saddle":1,"stat.entityKilledBy.betteranimalsplus.boar":7,"stat.deaths":13,"stat.mineBlock.minecraft.planks":1,"stat.drop":20,"stat.playOneMinute":81246,"stat.useItem.minecraft.wooden_sword":10,"stat.killEntity.PoisonSkeleton":1,"stat.pickup.minecraft.item_frame":6,"stat.mineBlock.minecraft.tallgrass":44,"stat.diveOneCm":382,"stat.chestOpened":46,"stat.entityKilledBy.SniperSkeleton":1,"stat.drop.minecraft.wooden_pickaxe":4,"stat.pickup.minecraft.gravel":2,"stat.pickup.minecraft.arrow":27,"stat.pickup.minecraft.stone_axe":2,"stat.pickup.magistuarmory.gold_pavese":3,"stat.useItem.minecraft.apple":1,"stat.pickup.minecraft.obsidian":24,"stat.pickup.levelup2.skillbook":2,"stat.drop.cfm.item_crow_bar":1,"stat.jump":1797,"stat.pickup.minecraft.coal":234,"stat.pickup.minecraft.iron_helmet":4,"stat.fallOneCm":73596,"stat.pickup.minecraft.iron_ingot":66,"stat.drop.minecraft.stone":1,"stat.useItem.minecraft.stone_axe":3,"stat.drop.minecraft.stone_sword":3,"stat.crouchOneCm":4083,"stat.craftItem.minecraft.iron_ingot":10,"stat.pickup.minecraft.dirt":9,"stat.pickup.magistuarmory.chainmail_chestplate":3,"stat.craftingTableInteraction":12,"stat.pickup.minecraft.iron_ore":20,"stat.useItem.magistuarmory.gold_stylet":20,"stat.mineBlock.mca.rose_gold_ore":2,"stat.pickup.magistuarmory.iron_stylet":7,"stat.pickup.minecraft.wooden_pickaxe":7,"stat.mineBlock.minecraft.log2":4,"stat.damageTaken":4225,"stat.drop.minecraft.iron_leggings":1,"stat.mineBlock.minecraft.torch":2,"stat.useItem.minecraft.wooden_pickaxe":22,"stat.pickup.magistuarmory.stone_ellipticalshield":7,"stat.craftItem.minecraft.wooden_sword":1,"stat.pickup.minecraft.log2":4,"stat.pickup.minecraft.planks":84,"stat.pickup.minecraft.reeds":14,"stat.pickup.minecraft.iron_leggings":7,"stat.pickup.minecraft.wheat_seeds":5,"stat.pickup.minecraft.quartz_block":5,"stat.mineBlock.minecraft.gravel":1,"stat.useItem.minecraft.stone_pickaxe":31,"stat.useItem.minecraft.stone_sword":3,"stat.damageDealt":3775,"stat.pickup.blue_skies.blue_lore":2,"stat.sleepInBed":3,"stat.pickup.magistuarmory.gold_stylet":2,"stat.pickup.magistuarmory.gold_tartsche":5,"stat.mineBlock.minecraft.dirt":2,"stat.useItem.minecraft.crafting_table":1,"stat.killEntity.Pig":1,"stat.walkOneCm":255369,"stat.pickup.minecraft.brewing_stand":6,"stat.useItem.minecraft.torch":16,"stat.useItem.minecraft.bread":1,"stat.drop.minecraft.item_frame":2,"stat.pickup.minecraft.stick":36,"stat.pickup.minecraft.crafting_table":13,"stat.pickup.magistuarmory.gambeson_boots":7,"stat.useItem.minecraft.cobblestone":3,"stat.craftItem.minecraft.crafting_table":5,"stat.pickup.minecraft.log":14,"stat.useItem.minecraft.cooked_fish":1,"stat.drop.minecraft.stonebrick":1,"stat.pickup.minecraft.iron_pickaxe":5,"stat.pickup.minecraft.baked_potato":4,"stat.pickup.minecraft.sapling":9,"stat.pickup.minecraft.gold_ingot":40,"stat.mineBlock.minecraft.stonebrick":9,"stat.craftItem.minecraft.planks":72,"stat.pickup.minecraft.stone_sword":7,"stat.mobKills":20,"stat.pickup.minecraft.book":36,"stat.useItem.minecraft.stonebrick":3,"stat.mineBlock.minecraft.log":14,"stat.mineBlock.minecraft.bookshelf":2,"stat.pickup.byg.plant_stem":1,"stat.killEntity.StraySkeleton":1,"stat.mineBlock.minecraft.leaves":9,"stat.pickup.minecraft.torch":52,"stat.pickup.minecraft.spruce_stairs":1,"stat.mineBlock.byg.plant_stem":1,"stat.sneakTime":1524,"stat.mineBlock.minecraft.stone":29}