{"stat.useItem.minecraft.bow":15,"stat.pickup.betteranimalsplus.antler":4,"stat.leaveGame":16,"stat.pickup.betteranimalsplus.goose_egg":1,"stat.craftItem.minecraft.iron_axe":1,"stat.pickup.gravestone.death_info":22,"stat.pickup.byg.hawthornbookshelf":36,"stat.pickup.cfm.item_crow_bar":10,"stat.useItem.minecraft.planks":19,"stat.pickup.minecraft.porkchop":1,"stat.pickup.xreliquary.mob_ingredient":2,"stat.mineBlock.gravestone.gravestone":12,"stat.useItem.byg.ebonylog":9,"stat.pickup.minecraft.rotten_flesh":25,"stat.craftItem.minecraft.golden_apple":1,"stat.pickup.minecraft.brick_block":1,"stat.craftItem.minecraft.stone_axe":1,"stat.useItem.byg.rudobeans":6,"stat.pickup.minecraft.bucket":2,"stat.useItem.minecraft.record_cat":1,"stat.entityKilledBy.firedragon":1,"stat.pickup.minecraft.chainmail_chestplate":2,"stat.mineBlock.byg.scoria":31,"stat.mineBlock.byg.hawthornbookshelf":21,"stat.craftItem.iceandfire.silver_ingot":6,"stat.pickup.iceandfire.silver_ingot":6,"stat.hopperInspected":1,"stat.useItem.minecraft.iron_pickaxe":554,"stat.craftItem.minecraft.wooden_pickaxe":1,"stat.mineBlock.minecraft.brick_block":1,"stat.pickup.byg.rowanplanks":4,"stat.drop.gravestone.death_info":2,"stat.craftItem.byg.rowanplanks":148,"stat.furnaceInteraction":52,"stat.killEntity.ZombieVillager":6,"stat.pickup.minecraft.beef":15,"stat.pickup.minecraft.furnace":2,"stat.useItem.minecraft.cooked_mutton":2,"stat.mineBlock.byg.rowanleaves":11,"stat.pickup.minecraft.leather_helmet":7,"stat.pickup.mca.rose_gold_ore":4,"stat.pickup.minecraft.stone_stairs":1,"stat.killEntity.PlagueZombie":1,"stat.killEntity.betteranimalsplus.zotzpyre":2,"stat.mineBlock.minecraft.soul_sand":2,"stat.entityKilledBy.betteranimalsplus.boar":1,"stat.deaths":17,"stat.pickup.minecraft.egg":1,"stat.playOneMinute":342588,"stat.craftItem.minecraft.iron_pickaxe":1,"stat.pickup.minecraft.item_frame":3,"stat.pickup.minecraft.iron_bars":88,"stat.drop.familiarfauna.venison_cooked":3,"stat.mineBlock.minecraft.tallgrass":24,"stat.craftItem.minecraft.cooked_mutton":2,"stat.chestOpened":110,"stat.pickup.minecraft.spruce_door":1,"stat.recordPlayed":1,"stat.pickup.minecraft.iron_sword":9,"stat.pickup.minecraft.arrow":17,"stat.killEntity.GatlingSkeleton":1,"stat.pickup.betteranimalsplus.venisonraw":4,"stat.pickup.magistuarmory.wood_stylet":9,"stat.drop.minecraft.iron_pickaxe":1,"stat.craftItem.minecraft.iron_nugget":9,"stat.pickup.minecraft.cooked_chicken":1,"stat.fallOneCm":61539,"stat.pickup.minecraft.carrot":13,"stat.crouchOneCm":1811,"stat.craftItem.minecraft.iron_ingot":98,"stat.craftItem.minecraft.chest":3,"stat.craftingTableInteraction":39,"stat.dropperInspected":1,"stat.pickup.iceandfire.silver_ore":6,"stat.pickup.minecraft.wooden_pickaxe":9,"stat.mineBlock.minecraft.log2":4,"stat.pickup.minecraft.record_cat":7,"stat.useItem.minecraft.furnace":1,"stat.craftItem.mca.rose_gold_ingot":2,"stat.pickup.minecraft.dye":29,"stat.pickup.minecraft.planks":76,"stat.pickup.minecraft.iron_leggings":6,"stat.pickup.minecraft.wheat_seeds":68,"stat.mineBlock.minecraft.gravel":10,"stat.useItem.minecraft.stone_pickaxe":335,"stat.mineBlock.byg.rowanlog":38,"stat.craftItem.minecraft.iron_leggings":1,"stat.useItem.minecraft.stone_sword":3,"stat.pickup.magistuarmory.gold_tartsche":10,"stat.mineBlock.minecraft.dirt":42,"stat.pickup.minecraft.chainmail_boots":2,"stat.useItem.minecraft.iron_bars":20,"stat.useItem.minecraft.torch":203,"stat.useItem.minecraft.bread":16,"stat.pickup.minecraft.golden_apple":2,"stat.mineBlock.iceandfire.silver_ore":6,"stat.pickup.minecraft.crafting_table":7,"stat.useItem.minecraft.cobblestone":43,"stat.craftItem.minecraft.crafting_table":3,"stat.useItem.minecraft.gravel":3,"stat.pickup.minecraft.log":40,"stat.pickup.minecraft.iron_pickaxe":11,"stat.craftItem.minecraft.gold_ingot":11,"stat.pickup.minecraft.chicken":2,"stat.pickup.minecraft.chainmail_leggings":7,"stat.pickup.minecraft.sapling":1,"stat.pickup.minecraft.apple":1,"stat.drop.minecraft.bow":1,"stat.craftItem.minecraft.bucket":2,"stat.useItem.magistuarmory.wood_stylet":13,"stat.craftItem.minecraft.planks":48,"stat.useItem.minecraft.iron_sword":500,"stat.pickup.minecraft.stone_sword":1,"stat.useItem.betteranimalsplus.goose_egg":1,"stat.useItem.minecraft.stonebrick":13,"stat.mineBlock.minecraft.log":23,"stat.pickup.byg.plant_stem":1,"stat.craftItem.minecraft.cooked_chicken":1,"stat.pickup.minecraft.iron_door":1,"stat.killEntity.FireZombie":1,"stat.entityKilledBy.GiantSkeleton":1,"stat.sneakTime":584,"stat.pickup.minecraft.wool":5,"stat.useItem.minecraft.baked_potato":2,"stat.pickup.minecraft.cooked_fish":3,"stat.cakeSlicesEaten":21,"stat.useItem.byg.rudobeansroasted":3,"stat.pickup.minecraft.bone":11,"stat.pickup.minecraft.lit_pumpkin":1,"stat.killEntity.HungryZombie":5,"stat.useItem.minecraft.iron_axe":7,"stat.killEntity.HuskZombie":1,"stat.mineBlock.minecraft.cobblestone":12,"stat.mineBlock.minecraft.pumpkin":1,"stat.killEntity.gorgon":1,"stat.pickup.minecraft.stone_pickaxe":7,"stat.pickup.minecraft.flint":4,"stat.pickup.minecraft.leather_chestplate":1,"stat.mineBlock.minecraft.stained_glass_pane":1,"stat.swimOneCm":91038,"stat.climbOneCm":4916,"stat.pickup.minecraft.enchanted_book":6,"stat.drop.minecraft.cobblestone":1,"stat.killEntity.DeathCreeper":1,"stat.killEntity.betteranimalsplus.boar":1,"stat.useItem.minecraft.dirt":1,"stat.useItem.minecraft.stone_slab2":53,"stat.pickup.minecraft.bow":16,"stat.craftItem.minecraft.furnace":4,"stat.killEntity.BruteZombie":3,"stat.pickup.minecraft.golden_axe":5,"stat.useItem.minecraft.egg":1,"stat.killEntity.SniperSkeleton":1,"stat.craftItem.minecraft.stone_pickaxe":2,"stat.craftItem.minecraft.cooked_beef":6,"stat.pickup.minecraft.cobblestone":484,"stat.craftItem.minecraft.bow":1,"stat.flyOneCm":409214,"stat.pickup.minecraft.soul_sand":2,"stat.killEntity.betteranimalsplus.deer":1,"stat.useItem.minecraft.cooked_beef":6,"stat.mineBlock.byg.hawthornleaves":1,"stat.useItem.byg.rowanplanks":4,"stat.pickup.minecraft.redstone":72,"stat.mineBlock.minecraft.iron_ore":117,"stat.timeSinceDeath":8340,"stat.pickup.minecraft.mutton":4,"stat.craftItem.minecraft.iron_block":3,"stat.pickup.travelersbackpack.travelers_backpack":6,"stat.pickup.minecraft.nether_wart":3,"stat.pickup.minecraft.stonebrick":35,"stat.killEntity.FireSkeleton":1,"stat.pickup.magistuarmory.gambeson_chestplate":1,"stat.useItem.minecraft.cooked_porkchop":1,"stat.pickup.minecraft.iron_shovel":1,"stat.pickup.minecraft.carpet":42,"stat.pickup.magistuarmory.brigandine_chestplate":10,"stat.mineBlock.minecraft.coal_ore":194,"stat.pickup.minecraft.shield":8,"stat.talkedToVillager":8,"stat.pickup.minecraft.string":16,"stat.craftItem.minecraft.stone_slab2":0,"stat.useItem.minecraft.golden_axe":74,"stat.useItem.minecraft.written_book":1,"stat.sprintOneCm":869290,"stat.pickup.minecraft.paper":2,"stat.killEntity.betteranimalsplus.pheasant":1,"stat.pickup.familiarfauna.venison_cooked":90,"stat.useItem.familiarfauna.venison_cooked":24,"stat.craftItem.minecraft.stick":116,"stat.pickup.cfm.crate":1,"stat.mineBlock.minecraft.diamond_ore":4,"stat.useItem.betteranimalsplus.pheasant_egg":1,"stat.mineBlock.minecraft.crafting_table":6,"stat.useItem.minecraft.diamond_pickaxe":4,"stat.useItem.minecraft.carrot":13,"stat.pickup.byg.rudobeans":2,"stat.mineBlock.byg.ebonyleaves":3,"stat.craftItem.byg.ebonyplanks":4,"stat.mineBlock.minecraft.planks":12,"stat.drop":8,"stat.killEntity.SpitfireSkeleton":1,"stat.killEntity.Sheep":5,"stat.craftItem.minecraft.diamond_pickaxe":1,"stat.mineBlock.minecraft.gold_ore":11,"stat.pickup.minecraft.fire_charge":2,"stat.diveOneCm":49913,"stat.pickup.minecraft.gravel":24,"stat.craftItem.minecraft.cooked_porkchop":1,"stat.pickup.minecraft.stone_axe":9,"stat.useItem.minecraft.apple":5,"stat.useItem.minecraft.carpet":2,"stat.useItem.byg.soapstone":2,"stat.pickup.byg.soapstone":21,"stat.jump":3123,"stat.pickup.minecraft.coal":293,"stat.pickup.minecraft.iron_helmet":10,"stat.pickup.byg.rowansapling":2,"stat.pickup.minecraft.iron_ingot":93,"stat.useItem.minecraft.stone_axe":80,"stat.pickup.minecraft.gunpowder":4,"stat.pickup.minecraft.spider_eye":1,"stat.craftItem.minecraft.torch":160,"stat.pickup.byg.scoria":35,"stat.pickup.minecraft.dirt":45,"stat.craftItem.minecraft.iron_helmet":2,"stat.mineBlock.byg.rowanplanks":4,"stat.useItem.minecraft.cooked_chicken":1,"stat.pickup.minecraft.iron_ore":113,"stat.mineBlock.cfm.crate":1,"stat.mineBlock.mca.rose_gold_ore":2,"stat.mineBlock.minecraft.iron_bars":39,"stat.pickup.minecraft.gold_ore":11,"stat.mineBlock.minecraft.lapis_ore":4,"stat.useItem.byg.scoria":11,"stat.pickup.minecraft.iron_axe":1,"stat.mineBlock.minecraft.stone_stairs":1,"stat.damageTaken":-2147474336,"stat.pickup.minecraft.leather":9,"stat.mineBlock.minecraft.furnace":2,"stat.mineBlock.minecraft.torch":3,"stat.pickup.minecraft.written_book":1,"stat.useItem.minecraft.wooden_pickaxe":12,"stat.pickup.minecraft.log2":4,"stat.entityKilledBy.ZombieVillager":2,"stat.pickup.minecraft.reeds":18,"stat.pickup.minecraft.bed":1,"stat.pickup.minecraft.oak_stairs":1,"stat.damageDealt":23273,"stat.sleepInBed":7,"stat.craftItem.minecraft.anvil":1,"stat.killEntity.Cow":12,"stat.pickup.byg.ebonylog":10,"stat.walkOneCm":1008915,"stat.useItem.minecraft.chest":1,"stat.pickup.minecraft.stick":154,"stat.pickup.minecraft.diamond_pickaxe":1,"stat.pickup.magistuarmory.gambeson_boots":4,"stat.killEntity.betteranimalsplus.feralwolf":1,"stat.pickup.betteranimalsplus.pheasant_egg":1,"stat.pickup.minecraft.stone":37,"stat.killEntity.GiantZombie":2,"stat.pickup.betteranimalsplus.pheasantraw":2,"stat.pickup.minecraft.cooked_beef":2,"stat.pickup.minecraft.gold_ingot":8,"stat.entityKilledBy.betteranimalsplus.feralwolf":1,"stat.mineBlock.minecraft.stonebrick":28,"stat.mineBlock.byg.soapstone":19,"stat.killEntity.Chicken":1,"stat.pickup.minecraft.bread":4,"stat.mobKills":118,"stat.killEntity.StraySkeleton":1,"stat.pickup.iceandfire.gorgon_head":1,"stat.pickup.minecraft.golden_shovel":2,"stat.pickup.minecraft.diamond":4,"stat.mineBlock.minecraft.leaves":19,"stat.pickup.minecraft.torch":375,"stat.pickup.minecraft.spruce_stairs":7,"stat.mineBlock.byg.plant_stem":1,"stat.mineBlock.minecraft.redstone_ore":16,"stat.useItem.byg.pumpkinbread":8,"stat.pickup.byg.rowanlog":37,"stat.mineBlock.minecraft.stone":364}