{"stat.useItem.minecraft.bow":5,"stat.leaveGame":14,"stat.pickup.gravestone.death_info":22,"stat.pickup.byg.hawthornbookshelf":36,"stat.pickup.cfm.item_crow_bar":10,"stat.useItem.minecraft.planks":16,"stat.pickup.minecraft.porkchop":1,"stat.pickup.xreliquary.mob_ingredient":2,"stat.mineBlock.gravestone.gravestone":11,"stat.useItem.byg.ebonylog":9,"stat.pickup.minecraft.rotten_flesh":16,"stat.craftItem.minecraft.stone_axe":1,"stat.useItem.byg.rudobeans":1,"stat.useItem.minecraft.record_cat":1,"stat.entityKilledBy.firedragon":1,"stat.pickup.minecraft.chainmail_chestplate":1,"stat.mineBlock.byg.scoria":12,"stat.mineBlock.byg.hawthornbookshelf":21,"stat.craftItem.iceandfire.silver_ingot":6,"stat.hopperInspected":1,"stat.useItem.minecraft.iron_pickaxe":436,"stat.craftItem.minecraft.wooden_pickaxe":1,"stat.drop.gravestone.death_info":2,"stat.craftItem.byg.rowanplanks":148,"stat.furnaceInteraction":43,"stat.killEntity.ZombieVillager":6,"stat.pickup.minecraft.beef":9,"stat.pickup.minecraft.furnace":2,"stat.useItem.minecraft.cooked_mutton":2,"stat.mineBlock.byg.rowanleaves":11,"stat.pickup.minecraft.leather_helmet":7,"stat.pickup.mca.rose_gold_ore":4,"stat.killEntity.PlagueZombie":1,"stat.entityKilledBy.betteranimalsplus.boar":1,"stat.deaths":15,"stat.pickup.minecraft.egg":1,"stat.playOneMinute":259500,"stat.craftItem.minecraft.iron_pickaxe":1,"stat.pickup.minecraft.item_frame":3,"stat.pickup.minecraft.iron_bars":80,"stat.drop.familiarfauna.venison_cooked":3,"stat.mineBlock.minecraft.tallgrass":23,"stat.craftItem.minecraft.cooked_mutton":2,"stat.chestOpened":73,"stat.pickup.minecraft.spruce_door":1,"stat.recordPlayed":1,"stat.pickup.minecraft.iron_sword":8,"stat.pickup.minecraft.arrow":9,"stat.killEntity.GatlingSkeleton":1,"stat.pickup.magistuarmory.wood_stylet":9,"stat.craftItem.minecraft.iron_nugget":9,"stat.pickup.minecraft.cooked_chicken":1,"stat.fallOneCm":38191,"stat.pickup.minecraft.carrot":12,"stat.crouchOneCm":1403,"stat.craftItem.minecraft.iron_ingot":98,"stat.craftItem.minecraft.chest":3,"stat.craftingTableInteraction":33,"stat.dropperInspected":1,"stat.pickup.iceandfire.silver_ore":6,"stat.pickup.minecraft.wooden_pickaxe":9,"stat.mineBlock.minecraft.log2":4,"stat.pickup.minecraft.record_cat":7,"stat.useItem.minecraft.furnace":1,"stat.pickup.minecraft.dye":29,"stat.pickup.minecraft.planks":76,"stat.pickup.minecraft.iron_leggings":6,"stat.pickup.minecraft.wheat_seeds":67,"stat.mineBlock.minecraft.gravel":10,"stat.useItem.minecraft.stone_pickaxe":335,"stat.mineBlock.byg.rowanlog":38,"stat.craftItem.minecraft.iron_leggings":1,"stat.pickup.magistuarmory.gold_tartsche":10,"stat.mineBlock.minecraft.dirt":21,"stat.pickup.minecraft.chainmail_boots":1,"stat.useItem.minecraft.iron_bars":20,"stat.useItem.minecraft.torch":165,"stat.useItem.minecraft.bread":4,"stat.pickup.minecraft.golden_apple":2,"stat.mineBlock.iceandfire.silver_ore":6,"stat.pickup.minecraft.crafting_table":7,"stat.useItem.minecraft.cobblestone":29,"stat.craftItem.minecraft.crafting_table":2,"stat.useItem.minecraft.gravel":3,"stat.pickup.minecraft.log":23,"stat.pickup.minecraft.iron_pickaxe":9,"stat.craftItem.minecraft.gold_ingot":8,"stat.pickup.minecraft.chicken":2,"stat.pickup.minecraft.chainmail_leggings":6,"stat.pickup.minecraft.sapling":1,"stat.pickup.minecraft.apple":1,"stat.useItem.magistuarmory.wood_stylet":13,"stat.craftItem.minecraft.planks":40,"stat.useItem.minecraft.iron_sword":414,"stat.pickup.minecraft.stone_sword":1,"stat.useItem.minecraft.stonebrick":13,"stat.mineBlock.minecraft.log":6,"stat.pickup.byg.plant_stem":1,"stat.craftItem.minecraft.cooked_chicken":1,"stat.pickup.minecraft.iron_door":1,"stat.killEntity.FireZombie":1,"stat.entityKilledBy.GiantSkeleton":1,"stat.sneakTime":432,"stat.pickup.minecraft.wool":5,"stat.useItem.minecraft.baked_potato":1,"stat.pickup.minecraft.cooked_fish":3,"stat.cakeSlicesEaten":4,"stat.useItem.byg.rudobeansroasted":3,"stat.pickup.minecraft.bone":6,"stat.pickup.minecraft.lit_pumpkin":1,"stat.killEntity.HungryZombie":5,"stat.killEntity.HuskZombie":1,"stat.mineBlock.minecraft.cobblestone":6,"stat.mineBlock.minecraft.pumpkin":1,"stat.pickup.minecraft.stone_pickaxe":7,"stat.pickup.minecraft.flint":4,"stat.swimOneCm":75487,"stat.climbOneCm":2437,"stat.pickup.minecraft.enchanted_book":6,"stat.killEntity.DeathCreeper":1,"stat.killEntity.betteranimalsplus.boar":1,"stat.useItem.minecraft.stone_slab2":49,"stat.pickup.minecraft.bow":14,"stat.craftItem.minecraft.furnace":4,"stat.killEntity.BruteZombie":3,"stat.pickup.minecraft.golden_axe":5,"stat.useItem.minecraft.egg":1,"stat.craftItem.minecraft.stone_pickaxe":2,"stat.craftItem.minecraft.cooked_beef":2,"stat.pickup.minecraft.cobblestone":447,"stat.craftItem.minecraft.bow":1,"stat.flyOneCm":274802,"stat.pickup.minecraft.redstone":36,"stat.mineBlock.minecraft.iron_ore":107,"stat.timeSinceDeath":30838,"stat.pickup.minecraft.mutton":4,"stat.pickup.travelersbackpack.travelers_backpack":5,"stat.pickup.minecraft.stonebrick":35,"stat.pickup.magistuarmory.gambeson_chestplate":1,"stat.useItem.minecraft.cooked_porkchop":1,"stat.pickup.minecraft.iron_shovel":1,"stat.pickup.minecraft.carpet":42,"stat.pickup.magistuarmory.brigandine_chestplate":10,"stat.mineBlock.minecraft.coal_ore":194,"stat.pickup.minecraft.shield":7,"stat.talkedToVillager":8,"stat.pickup.minecraft.string":3,"stat.craftItem.minecraft.stone_slab2":0,"stat.useItem.minecraft.golden_axe":74,"stat.sprintOneCm":588991,"stat.pickup.minecraft.paper":2,"stat.pickup.familiarfauna.venison_cooked":90,"stat.useItem.familiarfauna.venison_cooked":24,"stat.craftItem.minecraft.stick":56,"stat.pickup.cfm.crate":1,"stat.mineBlock.minecraft.diamond_ore":4,"stat.mineBlock.minecraft.crafting_table":6,"stat.useItem.minecraft.carrot":12,"stat.pickup.byg.rudobeans":2,"stat.mineBlock.byg.ebonyleaves":3,"stat.craftItem.byg.ebonyplanks":4,"stat.mineBlock.minecraft.planks":12,"stat.drop":5,"stat.killEntity.SpitfireSkeleton":1,"stat.killEntity.Sheep":5,"stat.mineBlock.minecraft.gold_ore":11,"stat.diveOneCm":27851,"stat.pickup.minecraft.gravel":24,"stat.craftItem.minecraft.cooked_porkchop":1,"stat.pickup.minecraft.stone_axe":9,"stat.useItem.minecraft.apple":5,"stat.useItem.minecraft.carpet":2,"stat.useItem.byg.soapstone":2,"stat.pickup.byg.soapstone":11,"stat.jump":2127,"stat.pickup.minecraft.coal":292,"stat.pickup.minecraft.iron_helmet":9,"stat.pickup.byg.rowansapling":2,"stat.pickup.minecraft.iron_ingot":55,"stat.useItem.minecraft.stone_axe":80,"stat.pickup.minecraft.gunpowder":4,"stat.pickup.minecraft.spider_eye":1,"stat.craftItem.minecraft.torch":160,"stat.pickup.byg.scoria":16,"stat.pickup.minecraft.dirt":22,"stat.craftItem.minecraft.iron_helmet":2,"stat.useItem.minecraft.cooked_chicken":1,"stat.pickup.minecraft.iron_ore":104,"stat.mineBlock.cfm.crate":1,"stat.mineBlock.mca.rose_gold_ore":2,"stat.mineBlock.minecraft.iron_bars":31,"stat.pickup.minecraft.gold_ore":11,"stat.mineBlock.minecraft.lapis_ore":4,"stat.useItem.byg.scoria":11,"stat.damageTaken":7917,"stat.pickup.minecraft.leather":6,"stat.mineBlock.minecraft.furnace":2,"stat.mineBlock.minecraft.torch":3,"stat.useItem.minecraft.wooden_pickaxe":12,"stat.pickup.minecraft.log2":4,"stat.entityKilledBy.ZombieVillager":2,"stat.pickup.minecraft.bed":1,"stat.pickup.minecraft.oak_stairs":1,"stat.damageDealt":19421,"stat.sleepInBed":6,"stat.killEntity.Cow":8,"stat.pickup.byg.ebonylog":10,"stat.walkOneCm":769693,"stat.useItem.minecraft.chest":1,"stat.pickup.minecraft.stick":96,"stat.pickup.magistuarmory.gambeson_boots":4,"stat.pickup.minecraft.stone":37,"stat.killEntity.GiantZombie":2,"stat.pickup.minecraft.gold_ingot":8,"stat.mineBlock.minecraft.stonebrick":28,"stat.mineBlock.byg.soapstone":9,"stat.killEntity.Chicken":1,"stat.pickup.minecraft.bread":4,"stat.mobKills":92,"stat.killEntity.StraySkeleton":1,"stat.pickup.minecraft.golden_shovel":2,"stat.pickup.minecraft.diamond":4,"stat.mineBlock.minecraft.leaves":12,"stat.pickup.minecraft.torch":317,"stat.pickup.minecraft.spruce_stairs":7,"stat.mineBlock.byg.plant_stem":1,"stat.mineBlock.minecraft.redstone_ore":8,"stat.useItem.byg.pumpkinbread":8,"stat.pickup.byg.rowanlog":37,"stat.mineBlock.minecraft.stone":328}