{"stat.useItem.byg.light_blue_petal":1,"stat.pickup.minecraft.bone":2,"stat.leaveGame":8,"stat.pickup.minecraft.stone_pickaxe":5,"stat.mineBlock.minecraft.yellow_flower":1,"stat.mineBlock.byg.magentatulip":2,"stat.pickup.gravestone.death_info":38,"stat.pickup.magistuarmory.stone_heatershield":2,"stat.pickup.cfm.item_crow_bar":12,"stat.pickup.byg.purple_petal":4,"stat.pickup.byg.magentatulip":12,"stat.pickup.minecraft.porkchop":4,"stat.mineBlock.gravestone.gravestone":16,"stat.useItem.minecraft.stone_slab2":11,"stat.drop.travelersbackpack.travelers_backpack":2,"stat.craftItem.minecraft.furnace":2,"stat.drop.mowziesmobs.wrought_axe":1,"stat.craftItem.minecraft.stone_axe":1,"stat.mineBlock.byg.purpletulip":1,"stat.mineBlock.byg.yellowtulip":1,"stat.pickup.magistuarmory.chainmail_boots":3,"stat.craftItem.minecraft.stone_pickaxe":2,"stat.pickup.minecraft.cobblestone":63,"stat.flyOneCm":199640,"stat.drop.magistuarmory.gold_pavese":1,"stat.entityKilledBy.firedragon":11,"stat.useItem.magistuarmory.iron_stylet":31,"stat.pickup.minecraft.fish":2,"stat.drop.minecraft.wheat_seeds":5,"stat.mineBlock.minecraft.iron_ore":9,"stat.timeSinceDeath":2441,"stat.drop.byg.white_petal":1,"stat.craftItem.minecraft.wooden_pickaxe":2,"stat.pickup.travelersbackpack.travelers_backpack":15,"stat.drop.gravestone.death_info":20,"stat.furnaceInteraction":5,"stat.pickup.magistuarmory.gambeson_chestplate":6,"stat.pickup.byg.purpletulip":5,"stat.killEntity.ZombieVillager":1,"stat.mineBlock.minecraft.coal_ore":48,"stat.drop.byg.magentatulip":10,"stat.pickup.minecraft.furnace":5,"stat.mineBlock.byg.cyantulip":2,"stat.pickup.byg.cyantulip":9,"stat.sprintOneCm":181139,"stat.pickup.mowziesmobs.wrought_axe":1,"stat.pickup.familiarfauna.venison_cooked":246,"stat.useItem.familiarfauna.venison_cooked":2,"stat.craftItem.minecraft.stick":28,"stat.pickup.cfm.crate":1,"stat.mineBlock.minecraft.crafting_table":2,"stat.mineBlock.byg.white_petal":1,"stat.entityKilledBy.betteranimalsplus.boar":7,"stat.deaths":27,"stat.drop":45,"stat.playOneMinute":90188,"stat.pickup.minecraft.item_frame":7,"stat.pickup.iceandfire.chared_dirt":6,"stat.mineBlock.minecraft.tallgrass":80,"stat.pickup.minecraft.stone_axe":1,"stat.pickup.magistuarmory.gold_pavese":2,"stat.pickup.byg.yellowtulip":1,"stat.pickup.levelup2.skillbook":10,"stat.entityKilledBy.PlagueZombie":1,"stat.jump":829,"stat.pickup.minecraft.coal":196,"stat.fallOneCm":18874,"stat.pickup.minecraft.iron_ingot":20,"stat.pickup.minecraft.carrot":1,"stat.useItem.minecraft.stone_axe":2,"stat.crouchOneCm":1648,"stat.pickup.byg.light_blue_petal":4,"stat.craftItem.minecraft.torch":4,"stat.entityKilledBy.HungryZombie":1,"stat.pickup.minecraft.dirt":2,"stat.pickup.magistuarmory.chainmail_chestplate":3,"stat.craftingTableInteraction":4,"stat.pickup.minecraft.iron_ore":39,"stat.useItem.magistuarmory.gold_stylet":16,"stat.mineBlock.cfm.crate":2,"stat.pickup.magistuarmory.iron_stylet":5,"stat.pickup.minecraft.wooden_pickaxe":6,"stat.mineBlock.minecraft.log2":4,"stat.damageTaken":7125,"stat.pickup.minecraft.feather":12,"stat.pickup.byg.white_petal":7,"stat.mineBlock.minecraft.furnace":1,"stat.pickup.magistuarmory.stone_ellipticalshield":7,"stat.useItem.minecraft.wooden_pickaxe":84,"stat.pickup.minecraft.log2":4,"stat.pickup.minecraft.planks":45,"stat.entityKilledBy.ZombieVillager":1,"stat.pickup.minecraft.wheat_seeds":15,"stat.useItem.minecraft.stone_pickaxe":33,"stat.damageDealt":1383,"stat.pickup.blue_skies.blue_lore":9,"stat.sleepInBed":4,"stat.killEntity.FishingZombie":1,"stat.pickup.magistuarmory.gold_stylet":2,"stat.mineBlock.minecraft.dirt":1,"stat.killEntity.Pig":1,"stat.walkOneCm":258448,"stat.pickup.minecraft.stick":52,"stat.drop.byg.cyantulip":4,"stat.pickup.minecraft.crafting_table":7,"stat.pickup.magistuarmory.gambeson_boots":6,"stat.useItem.minecraft.cobblestone":3,"stat.craftItem.minecraft.crafting_table":2,"stat.pickup.minecraft.log":6,"stat.pickup.minecraft.stone":6,"stat.pickup.minecraft.chicken":10,"stat.pickup.minecraft.sapling":1,"stat.craftItem.minecraft.planks":40,"stat.killEntity.Chicken":2,"stat.drop.minecraft.crafting_table":1,"stat.mobKills":6,"stat.mineBlock.minecraft.log":6,"stat.pickup.byg.plant_stem":25,"stat.mineBlock.minecraft.leaves":2,"stat.pickup.minecraft.torch":16,"stat.mineBlock.byg.plant_stem":4,"stat.sneakTime":1629,"stat.mineBlock.minecraft.stone":53}