{"stat.useItem.minecraft.bow":2,"stat.useItem.spartanweaponry.rapier_stone":94,"stat.pickup.minecraft.bone":10,"stat.killEntity.HungryZombie":1,"stat.useItem.cfm.crate":2,"stat.leaveGame":20,"stat.pickup.minecraft.stone_pickaxe":1,"stat.killEntity.betteranimalsplus.goat":1,"stat.mineBlock.byg.magentatulip":1,"stat.pickup.gravestone.death_info":19,"stat.pickup.magistuarmory.stone_heatershield":6,"stat.swimOneCm":16840,"stat.pickup.cfm.item_crow_bar":5,"stat.pickup.byg.purple_petal":4,"stat.pickup.byg.magentatulip":4,"stat.pickup.minecraft.cooked_porkchop":1,"stat.pickup.minecraft.porkchop":1,"stat.mineBlock.gravestone.gravestone":9,"stat.useItem.minecraft.obsidian":17,"stat.killEntity.betteranimalsplus.boar":1,"stat.useItem.minecraft.dirt":1,"stat.useItem.minecraft.stone_slab2":137,"stat.pickup.minecraft.bow":1,"stat.useItem.minecraft.water_bucket":43,"stat.mineBlock.byg.purpletulip":1,"stat.pickup.magistuarmory.chainmail_boots":1,"stat.killEntity.SniperSkeleton":2,"stat.pickup.minecraft.bucket":2,"stat.pickup.minecraft.cobblestone":207,"stat.flyOneCm":517923,"stat.entityKilledBy.firedragon":3,"stat.pickup.minecraft.fish":1,"stat.useItem.magistuarmory.iron_stylet":14,"stat.drop.minecraft.wheat_seeds":2,"stat.timeSinceDeath":9695,"stat.pickup.spartanweaponry.rapier_stone":8,"stat.useItem.minecraft.iron_pickaxe":84,"stat.pickup.byg.lazarus_bell_flower":1,"stat.pickup.minecraft.mutton":8,"stat.mineBlock.byg.overgrown_stone":7,"stat.pickup.travelersbackpack.travelers_backpack":13,"stat.drop.gravestone.death_info":3,"stat.furnaceInteraction":1,"stat.pickup.byg.purpletulip":3,"stat.pickup.magistuarmory.gambeson_chestplate":2,"stat.useItem.minecraft.cooked_porkchop":1,"stat.killEntity.ZombieVillager":2,"stat.drop.byg.magentatulip":1,"stat.pickup.byg.red_petal":3,"stat.pickup.minecraft.beef":7,"stat.mineBlock.byg.cyantulip":1,"stat.craftItem.minecraft.stone_slab2":0,"stat.pickup.byg.cyantulip":3,"stat.sprintOneCm":183797,"stat.pickup.mowziesmobs.wrought_axe":1,"stat.pickup.familiarfauna.venison_cooked":341,"stat.useItem.familiarfauna.venison_cooked":15,"stat.craftItem.minecraft.stick":4,"stat.pickup.cfm.crate":13,"stat.drop.magistuarmory.stone_heatershield":1,"stat.useItem.minecraft.flint_and_steel":1,"stat.mineBlock.byg.ebonyleaves":16,"stat.entityKilledBy.betteranimalsplus.boar":2,"stat.deaths":10,"stat.drop":15,"stat.pickup.minecraft.egg":32,"stat.playOneMinute":198632,"stat.pickup.minecraft.item_frame":5,"stat.pickup.iceandfire.chared_dirt":6,"stat.pickup.magistuarmory.stone_tartsche":2,"stat.mineBlock.minecraft.tallgrass":44,"stat.diveOneCm":30268,"stat.chestOpened":7,"stat.pickup.magistuarmory.gold_pavese":2,"stat.pickup.byg.yellowtulip":1,"stat.pickup.levelup2.skillbook":12,"stat.drop.cfm.item_crow_bar":4,"stat.jump":2047,"stat.drop.byg.ebonysapling":1,"stat.pickup.minecraft.coal":34,"stat.fallOneCm":71841,"stat.pickup.minecraft.iron_ingot":11,"stat.crouchOneCm":3190,"stat.craftItem.minecraft.iron_ingot":7,"stat.pickup.minecraft.dirt":6,"stat.pickup.magistuarmory.chainmail_chestplate":1,"stat.pickup.minecraft.iron_ore":10,"stat.pickup.magistuarmory.iron_stylet":1,"stat.pickup.minecraft.wooden_pickaxe":2,"stat.damageTaken":4800,"stat.pickup.minecraft.feather":23,"stat.pickup.minecraft.leather":6,"stat.pickup.magistuarmory.platemail_chestplate":8,"stat.pickup.byg.white_petal":6,"stat.mineBlock.minecraft.torch":3,"stat.pickup.magistuarmory.stone_ellipticalshield":3,"stat.pickup.minecraft.planks":30,"stat.pickup.minecraft.wheat_seeds":38,"stat.useItem.minecraft.stone_pickaxe":117,"stat.useItem.spartanweaponry.longbow_copper":5,"stat.damageDealt":7018,"stat.pickup.blue_skies.blue_lore":11,"stat.sleepInBed":9,"stat.pickup.magistuarmory.gold_stylet":1,"stat.useItem.mowziesmobs.wrought_axe":44,"stat.killEntity.Cow":2,"stat.mineBlock.minecraft.dirt":6,"stat.killEntity.Pig":1,"stat.walkOneCm":392856,"stat.useItem.minecraft.torch":10,"stat.drop.minecraft.item_frame":1,"stat.pickup.minecraft.stick":14,"stat.drop.byg.cyantulip":1,"stat.pickup.minecraft.crafting_table":2,"stat.pickup.magistuarmory.gambeson_boots":10,"stat.useItem.minecraft.cobblestone":7,"stat.pickup.minecraft.log":2,"stat.useItem.minecraft.item_frame":1,"stat.pickup.minecraft.stone":1,"stat.pickup.byg.greentuilp":2,"stat.pickup.minecraft.chicken":21,"stat.useItem.minecraft.leaves":4,"stat.craftItem.minecraft.planks":8,"stat.killEntity.Chicken":8,"stat.useItem.spartanweaponry.saber_copper":1,"stat.mobKills":34,"stat.mineBlock.minecraft.log":2,"stat.pickup.byg.plant_stem":9,"stat.drop.byg.purpletulip":1,"stat.mineBlock.minecraft.leaves":14,"stat.pickup.minecraft.torch":15,"stat.sneakTime":2302,"stat.killEntity.firedragon":1,"stat.pickup.byg.ebonysapling":1,"stat.mineBlock.minecraft.stone":195,"stat.useItem.spartanweaponry.longbow_leather":1}