{"stat.useItem.minecraft.bow":2,"stat.useItem.cfm.crate":2,"stat.leaveGame":32,"stat.killEntity.betteranimalsplus.goat":2,"stat.mineBlock.byg.magentatulip":1,"stat.pickup.gravestone.death_info":20,"stat.pickup.magistuarmory.stone_heatershield":6,"stat.pickup.cfm.item_crow_bar":5,"stat.pickup.byg.purple_petal":4,"stat.pickup.byg.magentatulip":4,"stat.pickup.minecraft.porkchop":7,"stat.mineBlock.gravestone.gravestone":15,"stat.useItem.minecraft.water_bucket":58,"stat.drop.travelersbackpack.travelers_backpack":1,"stat.pickup.minecraft.rotten_flesh":21,"stat.pickup.minecraft.sand":9,"stat.mineBlock.byg.purpletulip":1,"stat.pickup.minecraft.bucket":2,"stat.drop.byg.greentuilp":2,"stat.entityKilledBy.firedragon":3,"stat.mineBlock.minecraft.sand":9,"stat.useItem.minecraft.iron_pickaxe":84,"stat.pickup.minecraft.double_plant":1,"stat.pickup.byg.rowanplanks":3,"stat.pickup.spartanweaponry.greatsword_iron":1,"stat.drop.gravestone.death_info":3,"stat.furnaceInteraction":11,"stat.pickup.byg.purpletulip":3,"stat.killEntity.ZombieVillager":2,"stat.pickup.minecraft.beef":17,"stat.pickup.minecraft.furnace":9,"stat.mineBlock.byg.cyantulip":1,"stat.pickup.byg.cyantulip":3,"stat.pickup.minecraft.leather_helmet":1,"stat.pickup.mowziesmobs.wrought_axe":1,"stat.pickup.minecraft.potion":3,"stat.useItem.minecraft.flint_and_steel":1,"stat.entityKilledBy.betteranimalsplus.boar":2,"stat.deaths":14,"stat.killEntity.betteranimalsplus.songbird":1,"stat.pickup.minecraft.egg":32,"stat.playOneMinute":304874,"stat.pickup.magistuarmory.barbute":1,"stat.pickup.minecraft.item_frame":5,"stat.mineBlock.minecraft.tallgrass":66,"stat.chestOpened":53,"stat.pickup.minecraft.arrow":10,"stat.pickup.magistuarmory.gold_pavese":2,"stat.pickup.minecraft.gold_nugget":108,"stat.pickup.levelup2.skillbook":15,"stat.drop.cfm.item_crow_bar":4,"stat.drop.byg.ebonysapling":1,"stat.fallOneCm":107535,"stat.pickup.minecraft.carrot":1,"stat.crouchOneCm":4187,"stat.pickup.magistuarmory.leather_strip":10,"stat.craftItem.minecraft.iron_ingot":7,"stat.craftItem.minecraft.chest":1,"stat.pickup.minecraft.wooden_pickaxe":5,"stat.pickup.minecraft.feather":23,"stat.pickup.magistuarmory.platemail_chestplate":12,"stat.pickup.byg.white_petal":6,"stat.useItem.minecraft.furnace":2,"stat.pickup.minecraft.planks":56,"stat.pickup.minecraft.wheat_seeds":49,"stat.useItem.minecraft.stone_pickaxe":158,"stat.pickup.blue_skies.blue_lore":14,"stat.pickup.magistuarmory.gold_stylet":1,"stat.pickup.magistuarmory.gold_tartsche":1,"stat.useItem.mowziesmobs.wrought_axe":53,"stat.mineBlock.minecraft.dirt":7,"stat.pickup.minecraft.chainmail_boots":1,"stat.pickup.betteranimalsplus.boarhead_4":1,"stat.useItem.minecraft.torch":14,"stat.pickup.minecraft.golden_apple":1,"stat.pickup.minecraft.crafting_table":2,"stat.useItem.minecraft.cobblestone":7,"stat.pickup.minecraft.log":2,"stat.pickup.minecraft.iron_pickaxe":1,"stat.killEntity.betteranimalsplus.coyote":7,"stat.pickup.minecraft.chicken":21,"stat.pickup.iceandfire.fire_dragon_blood":3,"stat.pickup.minecraft.wooden_door":1,"stat.pickup.minecraft.apple":2,"stat.mineBlock.iceandfire.goldpile":22,"stat.craftItem.minecraft.planks":8,"stat.mineBlock.minecraft.log":2,"stat.pickup.byg.plant_stem":9,"stat.useItem.minecraft.wooden_door":2,"stat.killEntity.FireZombie":1,"stat.entityKilledBy.GiantSkeleton":1,"stat.sneakTime":3118,"stat.pickup.minecraft.wool":1,"stat.useItem.minecraft.wooden_axe":40,"stat.pickup.byg.ebonysapling":1,"stat.mineBlock.byg.aspen_leaves":2,"stat.useItem.spartanweaponry.longbow_leather":1,"stat.useItem.spartanweaponry.rapier_stone":126,"stat.pickup.minecraft.bone":19,"stat.killEntity.HungryZombie":1,"stat.killEntity.HuskZombie":1,"stat.pickup.minecraft.stone_pickaxe":1,"stat.drop.spartanweaponry.rapier_iron":2,"stat.swimOneCm":28298,"stat.pickup.minecraft.enchanted_book":1,"stat.climbOneCm":1750,"stat.useItem.spartanweaponry.rapier_iron":56,"stat.pickup.minecraft.cooked_porkchop":1,"stat.useItem.minecraft.obsidian":17,"stat.killEntity.betteranimalsplus.boar":2,"stat.useItem.minecraft.dirt":1,"stat.useItem.minecraft.stone_slab2":197,"stat.pickup.minecraft.bow":1,"stat.pickup.spartanweaponry.rapier_iron":4,"stat.pickup.magistuarmory.steel_ingot":7,"stat.pickup.magistuarmory.knight_boots":1,"stat.pickup.magistuarmory.chainmail_boots":1,"stat.killEntity.SniperSkeleton":2,"stat.pickup.minecraft.cobblestone":278,"stat.flyOneCm":815697,"stat.pickup.minecraft.glass_bottle":2,"stat.pickup.minecraft.fish":1,"stat.useItem.magistuarmory.iron_stylet":14,"stat.drop.minecraft.wheat_seeds":5,"stat.timeSinceDeath":19974,"stat.pickup.spartanweaponry.rapier_stone":10,"stat.pickup.byg.lazarus_bell_flower":1,"stat.pickup.minecraft.mutton":13,"stat.mineBlock.byg.overgrown_stone":7,"stat.pickup.travelersbackpack.travelers_backpack":18,"stat.pickup.minecraft.wooden_axe":4,"stat.pickup.minecraft.chainmail_helmet":1,"stat.pickup.magistuarmory.gambeson_chestplate":2,"stat.useItem.minecraft.cooked_porkchop":1,"stat.pickup.magistuarmory.knight_chestplate":1,"stat.talkedToVillager":44,"stat.pickup.minecraft.string":9,"stat.drop.byg.magentatulip":1,"stat.pickup.byg.red_petal":3,"stat.craftItem.minecraft.stone_slab2":0,"stat.sprintOneCm":304671,"stat.pickup.familiarfauna.venison_cooked":565,"stat.useItem.familiarfauna.venison_cooked":24,"stat.craftItem.minecraft.stick":4,"stat.pickup.cfm.crate":13,"stat.drop.magistuarmory.stone_heatershield":1,"stat.mineBlock.byg.ebonyleaves":24,"stat.drop":24,"stat.pickup.iceandfire.chared_dirt":6,"stat.pickup.magistuarmory.stone_tartsche":6,"stat.pickup.minecraft.fire_charge":2,"stat.diveOneCm":71349,"stat.entityKilledBy.SniperSkeleton":1,"stat.pickup.byg.aspen_log":43,"stat.pickup.byg.yellowtulip":1,"stat.useItem.minecraft.potion":1,"stat.mineBlock.byg.aspen_log":43,"stat.jump":3236,"stat.pickup.minecraft.coal":125,"stat.pickup.minecraft.iron_ingot":12,"stat.pickup.minecraft.spider_eye":1,"stat.entityKilledBy.HungryZombie":1,"stat.pickup.minecraft.dirt":41,"stat.pickup.magistuarmory.chainmail_chestplate":1,"stat.mineBlock.byg.rowanplanks":1,"stat.pickup.betteranimalsplus.coyotehead_1":1,"stat.craftItem.magistuarmory.steel_ingot":4,"stat.pickup.minecraft.iron_ore":10,"stat.pickup.minecraft.leaves":24,"stat.pickup.magistuarmory.iron_stylet":1,"stat.damageTaken":6437,"stat.pickup.minecraft.leather":15,"stat.pickup.magistuarmory.knight_leggings":1,"stat.mineBlock.minecraft.torch":5,"stat.pickup.magistuarmory.hilt":2,"stat.mineBlock.minecraft.furnace":5,"stat.pickup.magistuarmory.stone_ellipticalshield":3,"stat.useItem.minecraft.wooden_pickaxe":5,"stat.pickup.minecraft.bed":9,"stat.useItem.spartanweaponry.longbow_copper":5,"stat.damageDealt":13231,"stat.sleepInBed":10,"stat.killEntity.Cow":2,"stat.useItem.byg.spidereyesoup":1,"stat.killEntity.Pig":2,"stat.walkOneCm":620654,"stat.drop.minecraft.item_frame":1,"stat.pickup.minecraft.stick":14,"stat.drop.byg.cyantulip":1,"stat.pickup.magistuarmory.gambeson_boots":11,"stat.pickup.betteranimalsplus.pheasant_egg":1,"stat.useItem.minecraft.item_frame":1,"stat.pickup.minecraft.stone":1,"stat.pickup.byg.greentuilp":6,"stat.killEntity.GiantZombie":1,"stat.useItem.minecraft.leaves":8,"stat.killEntity.Chicken":8,"stat.useItem.spartanweaponry.saber_copper":1,"stat.pickup.minecraft.bread":4,"stat.mobKills":62,"stat.drop.byg.purpletulip":1,"stat.pickup.minecraft.water_bucket":5,"stat.mineBlock.minecraft.leaves":16,"stat.pickup.minecraft.torch":21,"stat.killEntity.firedragon":1,"stat.drop.iceandfire.fire_dragon_blood":1,"stat.mineBlock.minecraft.stone":236}