{"stat.useItem.minecraft.bow":2,"stat.leaveGame":16,"stat.mineBlock.minecraft.cobblestone":2,"stat.pickup.minecraft.stone_pickaxe":1,"stat.pickup.minecraft.flint":2,"stat.pickup.minecraft.leather_chestplate":1,"stat.mineBlock.minecraft.brown_mushroom":1,"stat.pickup.gravestone.death_info":7,"stat.swimOneCm":1083,"stat.pickup.cfm.item_crow_bar":9,"stat.pickup.minecraft.enchanted_book":1,"stat.mineBlock.gravestone.gravestone":2,"stat.useItem.minecraft.dirt":2,"stat.useItem.minecraft.stone_slab2":8,"stat.pickup.minecraft.bow":2,"stat.mineBlock.minecraft.stone_brick_stairs":1,"stat.pickup.magistuarmory.chainmail_boots":1,"stat.pickup.minecraft.cobblestone":83,"stat.flyOneCm":207050,"stat.entityKilledBy.firedragon":2,"stat.pickup.minecraft.brown_mushroom":1,"stat.useItem.magistuarmory.iron_stylet":202,"stat.mineBlock.byg.sodalite":21,"stat.mineBlock.minecraft.iron_ore":35,"stat.timeSinceDeath":74664,"stat.hopperInspected":5,"stat.useItem.minecraft.iron_pickaxe":144,"stat.pickup.travelersbackpack.travelers_backpack":6,"stat.pickup.minecraft.nether_wart":4,"stat.pickup.minecraft.stonebrick":7,"stat.furnaceInteraction":6,"stat.pickup.magistuarmory.gambeson_chestplate":3,"stat.drop.minecraft.dirt":1,"stat.mineBlock.minecraft.coal_ore":22,"stat.pickup.minecraft.shield":3,"stat.sprintOneCm":747666,"stat.pickup.familiarfauna.venison_cooked":131,"stat.useItem.familiarfauna.venison_cooked":21,"stat.pickup.cfm.crate":1,"stat.pickup.minecraft.potion":4,"stat.useItem.minecraft.snowball":1,"stat.mineBlock.minecraft.oak_stairs":1,"stat.deaths":4,"stat.mineBlock.minecraft.planks":1,"stat.drop":9,"stat.playOneMinute":101316,"stat.pickup.minecraft.item_frame":1,"stat.pickup.minecraft.snowball":1,"stat.pickup.minecraft.iron_bars":2,"stat.mineBlock.minecraft.tallgrass":3,"stat.diveOneCm":467,"stat.chestOpened":69,"stat.pickup.minecraft.arrow":6,"stat.pickup.minecraft.iron_sword":1,"stat.pickup.magistuarmory.gold_pavese":1,"stat.pickup.magistuarmory.wood_stylet":1,"stat.drop.minecraft.iron_pickaxe":1,"stat.pickup.byg.soapstone":1,"stat.jump":1142,"stat.pickup.minecraft.coal":22,"stat.fallOneCm":15667,"stat.drop.minecraft.stone":7,"stat.pickup.minecraft.gunpowder":1,"stat.crouchOneCm":910,"stat.pickup.minecraft.spider_eye":6,"stat.pickup.minecraft.dirt":6,"stat.pickup.magistuarmory.chainmail_chestplate":1,"stat.craftingTableInteraction":4,"stat.pickup.minecraft.iron_ore":33,"stat.useItem.magistuarmory.gold_stylet":1,"stat.mineBlock.cfm.crate":1,"stat.mineBlock.minecraft.iron_bars":2,"stat.pickup.magistuarmory.iron_stylet":3,"stat.damageTaken":2793,"stat.mineBlock.minecraft.torch":7,"stat.mineBlock.minecraft.furnace":1,"stat.pickup.magistuarmory.stone_ellipticalshield":3,"stat.pickup.minecraft.iron_leggings":1,"stat.pickup.minecraft.wheat_seeds":9,"stat.pickup.minecraft.oak_stairs":1,"stat.mineBlock.minecraft.gravel":1,"stat.useItem.minecraft.stone_pickaxe":57,"stat.damageDealt":2507,"stat.pickup.magistuarmory.gold_stylet":1,"stat.mineBlock.minecraft.dirt":6,"stat.walkOneCm":272823,"stat.useItem.minecraft.torch":47,"stat.pickup.magistuarmory.gambeson_boots":3,"stat.useItem.minecraft.cobblestone":19,"stat.useItem.minecraft.spruce_stairs":1,"stat.pickup.minecraft.stone":14,"stat.pickup.byg.greentuilp":1,"stat.mineBlock.minecraft.stonebrick":7,"stat.mineBlock.byg.soapstone":1,"stat.pickup.minecraft.bread":2,"stat.mobKills":6,"stat.useItem.minecraft.stonebrick":1,"stat.mineBlock.minecraft.log":2,"stat.mineBlock.minecraft.leaves":1,"stat.pickup.minecraft.iron_horse_armor":1,"stat.pickup.minecraft.torch":65,"stat.pickup.minecraft.spruce_stairs":2,"stat.sneakTime":195,"stat.mineBlock.minecraft.stone":103}