{"stat.useItem.minecraft.bow":9,"stat.pickup.minecraft.bone":5,"stat.pickup.minecraft.stone_pressure_plate":1,"stat.leaveGame":17,"stat.mineBlock.minecraft.cobblestone":9,"stat.pickup.minecraft.stone_pickaxe":1,"stat.pickup.minecraft.flint":3,"stat.pickup.minecraft.leather_chestplate":1,"stat.mineBlock.minecraft.brown_mushroom":1,"stat.pickup.gravestone.death_info":7,"stat.swimOneCm":4348,"stat.pickup.cfm.item_crow_bar":9,"stat.pickup.minecraft.enchanted_book":1,"stat.useItem.minecraft.planks":60,"stat.climbOneCm":2447,"stat.mineBlock.minecraft.web":4,"stat.mineBlock.minecraft.spruce_stairs":2,"stat.mineBlock.gravestone.gravestone":2,"stat.useItem.minecraft.dirt":2,"stat.useItem.minecraft.stone_slab2":22,"stat.pickup.minecraft.bow":2,"stat.mineBlock.minecraft.stone_brick_stairs":3,"stat.pickup.minecraft.anvil":1,"stat.pickup.magistuarmory.chainmail_boots":1,"stat.killEntity.SniperSkeleton":1,"stat.pickup.minecraft.cobblestone":221,"stat.pickup.minecraft.leather_boots":2,"stat.flyOneCm":240462,"stat.entityKilledBy.firedragon":2,"stat.pickup.minecraft.brown_mushroom":1,"stat.useItem.magistuarmory.iron_stylet":202,"stat.pickup.minecraft.fish":2,"stat.mineBlock.byg.sodalite":75,"stat.mineBlock.minecraft.iron_ore":35,"stat.timeSinceDeath":115591,"stat.hopperInspected":5,"stat.useItem.minecraft.iron_pickaxe":393,"stat.pickup.travelersbackpack.travelers_backpack":6,"stat.mineBlock.minecraft.vine":1,"stat.pickup.minecraft.nether_wart":4,"stat.useItem.minecraft.oak_stairs":3,"stat.pickup.minecraft.stonebrick":24,"stat.furnaceInteraction":11,"stat.pickup.magistuarmory.gambeson_chestplate":3,"stat.drop.minecraft.dirt":1,"stat.mineBlock.minecraft.coal_ore":22,"stat.pickup.minecraft.shield":3,"stat.pickup.minecraft.string":6,"stat.pickup.minecraft.furnace":8,"stat.craftItem.minecraft.stone_slab2":0,"stat.sprintOneCm":1019931,"stat.pickup.familiarfauna.venison_cooked":131,"stat.useItem.familiarfauna.venison_cooked":32,"stat.craftItem.minecraft.stick":4,"stat.pickup.cfm.crate":1,"stat.pickup.minecraft.potion":4,"stat.useItem.minecraft.snowball":1,"stat.mineBlock.minecraft.oak_stairs":2,"stat.deaths":4,"stat.mineBlock.minecraft.planks":3,"stat.drop":10,"stat.pickup.byg.sodalite":64,"stat.playOneMinute":142243,"stat.mineBlock.minecraft.stone_pressure_plate":1,"stat.craftItem.minecraft.iron_pickaxe":1,"stat.pickup.minecraft.item_frame":1,"stat.pickup.minecraft.snowball":1,"stat.pickup.minecraft.iron_bars":2,"stat.drop.familiarfauna.venison_cooked":1,"stat.mineBlock.minecraft.tallgrass":3,"stat.diveOneCm":467,"stat.chestOpened":89,"stat.pickup.minecraft.gravel":3,"stat.pickup.minecraft.arrow":11,"stat.pickup.minecraft.iron_sword":1,"stat.mineBlock.minecraft.anvil":1,"stat.pickup.magistuarmory.gold_pavese":1,"stat.pickup.magistuarmory.wood_stylet":1,"stat.drop.minecraft.iron_pickaxe":1,"stat.pickup.minecraft.stone_brick_stairs":2,"stat.pickup.byg.soapstone":1,"stat.jump":1396,"stat.pickup.minecraft.coal":23,"stat.fallOneCm":17338,"stat.drop.minecraft.stone":7,"stat.pickup.minecraft.gunpowder":1,"stat.crouchOneCm":2614,"stat.pickup.minecraft.spider_eye":6,"stat.craftItem.minecraft.chest":2,"stat.craftItem.minecraft.iron_ingot":5,"stat.pickup.minecraft.dirt":16,"stat.craftItem.minecraft.iron_helmet":1,"stat.pickup.magistuarmory.chainmail_chestplate":1,"stat.craftingTableInteraction":11,"stat.pickup.minecraft.iron_ore":33,"stat.useItem.magistuarmory.gold_stylet":1,"stat.mineBlock.cfm.crate":1,"stat.mineBlock.minecraft.iron_bars":2,"stat.pickup.magistuarmory.iron_stylet":3,"stat.damageTaken":4724,"stat.useItem.minecraft.stone_brick_stairs":1,"stat.mineBlock.minecraft.torch":10,"stat.mineBlock.minecraft.furnace":9,"stat.pickup.magistuarmory.stone_ellipticalshield":3,"stat.useItem.minecraft.furnace":15,"stat.pickup.minecraft.planks":2,"stat.pickup.minecraft.iron_leggings":2,"stat.pickup.minecraft.bed":1,"stat.pickup.minecraft.wheat_seeds":9,"stat.pickup.minecraft.oak_stairs":2,"stat.mineBlock.minecraft.gravel":4,"stat.useItem.minecraft.stone_pickaxe":57,"stat.damageDealt":3597,"stat.pickup.magistuarmory.gold_stylet":1,"stat.craftItem.minecraft.oak_stairs":4,"stat.mineBlock.minecraft.dirt":16,"stat.pickup.minecraft.chainmail_boots":1,"stat.craftItem.minecraft.iron_sword":1,"stat.walkOneCm":403418,"stat.useItem.minecraft.torch":57,"stat.pickup.minecraft.spectral_arrow":4,"stat.pickup.magistuarmory.gambeson_boots":3,"stat.useItem.minecraft.cobblestone":63,"stat.craftItem.minecraft.crafting_table":1,"stat.pickup.minecraft.log":22,"stat.useItem.minecraft.spruce_stairs":1,"stat.pickup.minecraft.stone":21,"stat.pickup.byg.greentuilp":1,"stat.craftItem.minecraft.iron_chestplate":1,"stat.mineBlock.minecraft.stonebrick":25,"stat.mineBlock.byg.soapstone":1,"stat.craftItem.minecraft.planks":88,"stat.useItem.minecraft.iron_sword":75,"stat.pickup.minecraft.bread":2,"stat.mobKills":13,"stat.useItem.minecraft.stonebrick":6,"stat.mineBlock.minecraft.log":24,"stat.mineBlock.minecraft.leaves":1,"stat.pickup.minecraft.iron_horse_armor":1,"stat.pickup.minecraft.torch":68,"stat.pickup.minecraft.spruce_stairs":4,"stat.sneakTime":796,"stat.mineBlock.minecraft.stone":238}